categoria,nombre,descripcion,precio,imagen,etiquetas,disponible
Tablas,Tabla El Martillo de Thor,"Osobuco de novillo entero de cocción ultra lenta (4 horas), laqueado en reducción de vino, su propio fondo oscuro y verduras seleccionadas. Presentado con el hueso central expuesto para untar el caracú sobre tostadas de masa madre. Se acompaña con puré rústico, vegetales de estación asados y una ensalada de hojas amargas con vinagreta cítrica para equilibrar el paladar.",45500,/platos/tablas.jpg,"Novedad, Para compartir",si
Tablas,Tabla de Pinchos,"Cuatro pechuguitas de pollo crujientes, dos pinchos de tierno lomo envuelto en panceta ahumada y champiñones, y dos pinchos de verduras a la plancha. Se acompaña con papas fritas y tres dips: vinagreta de mostaza y limón, barbacoa de la casa y salsa de queso cheddar fundido.",43900,/platos/tablas.jpg,Para compartir,si
Tablas,Súper Tabla Filipo,"Nuestro plato insignia. Selección de tres carnes cortadas en tiras y salteadas al hierro: lomo, pechuga de pollo y bondiola de cerdo, servidas en ollitas de hierro calientes individuales para preservar su temperatura y jugosidad. Se acompaña con pinchos de vegetales de estación a la plancha, huevos revueltos, papas fritas crujientes y un mix de hojas verdes frescas. Incluye una sartén miniatura de hierro con quesos fundidos, salsa barbacoa artesanal y mini baguettes artesanales saborizadas para combinar a gusto.",43900,/platos/tablas.jpg,"TOP 1, Más vendida, Para compartir",si
Tablas,Tabla Locos por el Queso,"Pan de campo artesanal de masa madre horneado, ahuecado y relleno con una untuosa fondue de quesos seleccionados. Se presenta escoltado por tiras de lomo y pechuga de pollo salteadas al hierro, pinchos de vegetales de estación asados y papas fritas rústicas crocantes, ideales para sumergir en el queso fundido.",43900,/platos/tablas.jpg,Para compartir,si
Tablas,Tabla de Matambrito,"Cuatro cortes de matambre tiernizado en cocción prolongada, presentados en una secuencia de sabores de mayor a menor intensidad: al chimichurri tradicional, al ajillo confitado con vino blanco, a la pizza con muzzarella gratinada, y terminando con una pomada intensa de queso azul. Se acompaña con papas fritas crocantes servidas aparte y un dip de salsa criolla fresca.",48900,/platos/tablas.jpg,Para compartir,si
Tablas,"Tabla de Tacos ""Cielito Lindo"" (armalos a tu gusto)","Salteado al hierro de lomo y pechuga de pollo con cebollas y pimientos morrones. Se acompaña con ocho tortillas artesanales mixtas de maíz y trigo, nachos de maíz crocantes, crema de queso cheddar, auténtico guacamole fresco, pasta de frijoles negros refritos y salsa picante de la casa.",45900,/platos/tablas.jpg,Para compartir,si
Tablas,Tabla de Bistequitos,"Seis medallones ""baby"" de tierno lomo a la plancha, acompañados de pimientos rojos confitados al hierro. Se presenta con dos dips independientes: una untuosa salsa de hongos y una reducción de Malbec. Servido con brócoli salteado al limón y papas rústicas perfectamente gratinadas.",49500,/platos/tablas.jpg,Para compartir,si
Tablas,Tabla de Milanesa a la Canasta,"Versión más gourmet y deconstruida de la clásica tabla de milanesas: canastitos individuales de milanesas de pollo · ternera · cerdo · muzzarella. Acompañados de mix de verdes, papas fritas bastón y mitades de tomate con muzzarella gratinada y orégano.",42900,/platos/tablas.jpg,"Muy Recomendable, Para compartir",si
Tablas,Tabla Desmechada,"Carne de ternera braseada a fuego lento durante seis horas, servida en su propio jugo. Con ocho pancitos árabes artesanales recién horneados y selección de guarniciones para armarlos a tu gusto: champiñones salteados, tomates confitados, lonjas de panceta ahumada crujiente y mix de verdes. Incluye salsa barbacoa, vinagreta de mostaza y limón, y mayonesa de apio.",40900,/platos/tablas.jpg,Para compartir,si
Tablas,Tabla de Sanguchitos con Onda,"Selección de ocho sándwiches de copetín en pan árabe recién horneado: Pechuga de pollo salteada con palta y cheddar - Jamón crudo, tomates confitados y rúcula - Queso criollo, tomate y orégano - Huevo revuelto y panceta ahumada crujiente. Acompañado con papas fritas crocantes bañadas en salsa de queso cheddar caliente.",36900,/platos/tablas.jpg,Para compartir,si
Tablas,Tabla de Pizzas,"Ocho mini pizzas de masa madre de fermentación lenta y corteza crocante. Degustación de sabores clásicos: Balcarce tradicional, Fugazzeta, Jamón crudo y rúcula, Especial, Napolitana, Queso azul con nuez, Cantimpalo y Cuatro quesos.",30900,/platos/tablas.jpg,Para compartir,si
Tablas,Tabla de Milanesas XXL Napolitana,"Dos milanesas grandes de ternera, cubiertas con salsa de tomate de la casa, jamón cocido y abundante muzzarella gratinada. Se acompaña con papas fritas bastón y ensalada mixta o puré. Diseñado para disfrutar en familia.",46500,/platos/tablas.jpg,"Para compartir, Familiar",si
Tablas,Tabla de Suprema XXL Napolitana,"Dos milanesas grandes de pechuga de pollo, cubiertas con salsa de tomate de la casa, jamón cocido y abundante muzzarella gratinada. Se acompaña con papas fritas bastón y ensalada mixta o puré.",43500,/platos/tablas.jpg,"Para compartir, Familiar",si
Tablas,Tabla de Postres,Cheesecake de frutos rojos · lemon pie en copa · tibio brownie de chocolate con nuez y helado · mousse de chocolate o crema de naranja.,30500,/platos/tablas.jpg,"Dulce, Para compartir",si
Tablas,Tabla de Mini Cakes,Cuatro minicakes a elección: Delicia de limón · Chocotorta · Nutella · Cheesecake de frutos rojos · Rogel · Delicia de chocolate · Brownie Tentación.,29500,/platos/tablas.jpg,"Dulce, Para compartir",si
Tablas,Tabla de Helados,"Tres bochas a elección, ensalada de frutas, rocklets y cubitos de brownie.",19900,/platos/tablas.jpg,"Dulce, Para compartir",si
Tablas,Tabla Final Felíz (formato degustación),"Cuatro delicados postres: crema de limón, mousse de frutilla, crema de naranja y mousse de chocolate.",15500,/platos/tablas.jpg,"Dulce, Degustación",si
Tablas,Tabla Bla Bla Bla 210 ml,Cuatro daiquiris o cuatro caipiroskas combinadas con tus frutas favoritas.,21900,/platos/cocteleria.jpg,"Tragos, Para compartir",si
Tablas,Tabla Terapia de Grupo 210 ml,"Un Mojito, una Caipiriña, una Lágrima de Cocodrilo, un Campari Orange.",25000,/platos/cocteleria.jpg,"Tragos, Para compartir",si
Platos Principales,Lomo Strogonoff,Cubos de lomo salteadas en salsa cremosa de champiñones y hongos de pino acompañado con arroz.,26500,/platos/menu-ejecutivo.jpg,,si
Platos Principales,Medallón de Lomo en Reducción de Malbec,"Medallón envuelto en panceta ahumada, sobre colchón de cebolla caramelizada al Malbec. Con guarnición a elección.",26500,,,si
Platos Principales,Matambre Tiernizado,A la pizza · al ajillo confitado con vino blanco · al chimichurri · o al roquefort. Cocción lenta para lograr una textura incomparable. Con guarnición a elección.,23900,,,si
Platos Principales,Risotto de Hongos con Pollo (opción vegetariana con almendras),Arroz arbóreo cremoso cocinado lentamente con mix de hongos aromáticos y pechuga de pollo.,23900,,,si
Platos Principales,Bondiola Braseada en Salsa Barbacoa,Cocción lenta de 4 horas en salsa barbacoa artesanal hasta lograr una textura que se desarma. Con guarnición a elección. Sugerencia: puré de papa o calabaza.,23500,,,si
Platos Principales,Moussaka Griega Tradicional (nuevo),"Láminas de berenjenas asadas, intercaladas con un sabroso ragú de carne premium braseada a fuego lento, perfumado con hierbas mediterráneas. Coronada con una cremosa salsa bechamel artesanal y gratinada al horno con abundante queso muzzarella.",23500,,Novedad,si
Platos Principales,Milanesa de Ternera a Caballo,Milanesa clásica y crujiente coronada con dos huevos fritos en su punto. Con guarnición a elección.,21500,,,si
Platos Principales,Milanesa de Ternera Napolitana,"Milanesa crocante con salsa de tomate de la casa, jamón y queso muzzarella gratinado. Con guarnición a elección.",23500,,,si
Platos Principales,Pechuga de Pollo al Curry,"Tiras de pollo en salsa de curry de la India, con un toque de leche de coco. Con guarnición a elección. Sugerencia, arroz.",23800,,,si
Platos Principales,Pechuga de Pollo con Salsa Teriyaki,Pechuga a la plancha bañada en salsa teriyaki agridulce japonesa con semillas de sésamo. Con guarnición a elección. Sugerencia arroz o puré de papa.,23800,,,si
Platos Principales,Pechuguitas de Pollo Crujientes,"Rebozadas en crocantes copos de maíz, acompañadas con salsa barbacoa y papas fritas bastón.",18500,,,si
Pastas,Pansottis de Calabaza,Pasta rellena artesanal.,16500,,,si
Pastas,Sorrentinos Capresse,Pasta rellena artesanal.,16500,,,si
Pastas,Spaghetti al Huevo,Pasta larga artesanal.,13200,,,si
Pastas,Salsa 4 Quesos,Salsa para acompañar tus pastas.,7500,,,si
Pastas,Salsa Hongos,Salsa para acompañar tus pastas.,7500,,,si
Pastas,Salsa Boloñesa,Salsa para acompañar tus pastas.,8900,,,si
Pastas,Salsa Rosa,Salsa para acompañar tus pastas.,6500,,,si
Pastas,Salsa de Espinacas a la Crema,Salsa para acompañar tus pastas.,8000,,,si
Ensaladas,Ensalada Jamón Crudo,Peras asadas · almendras fileteadas · rúcula · jamón crudo · palta · tomate · queso · vinagreta de mostaza.,23900,,,si
Ensaladas,Ensalada César,"Mix de verdes, tiras de pollo a la plancha, croutons crujientes, escamas de parmesano y salsa César, la original a base de anchoas.",19900,,,si
Ensaladas,Ensalada de Quinoa,"Quinua cocida, tiras de pollo, chaucha, zanahoria, brócoli, coliflor y almendras tostadas. Nutritiva y saciante.",21900,,,si
Ensaladas,Ensalada Tibia de Pollo,"Mix de verdes, tiras de pollo a la plancha, tomate fresco, escamas de parmesano, semillas de sésamo y reducción de aceto balsámico.",19900,,,si
Hamburguesas Caseras,Hamburguesa Doble Cheddar,"Dos medallones de carne, doble capa de queso cheddar fundido y panceta ahumada crujiente.",19900,/platos/hamburguesas.jpg,,si
Hamburguesas Caseras,Hamburguesa BBQ (barbacoa),"Dos medallones de carne, cebolla caramelizada, queso cheddar, bacon y salsa de barbacoa.",19900,/platos/hamburguesas.jpg,,si
Hamburguesas Caseras,Hamburguesa Clásica,"Dos medallones de carne, lechuga, tomate, huevo, jamón y queso.",19900,/platos/hamburguesas.jpg,,si
Hamburguesas Caseras,Hamburguesa Clásica/Cheddar/ BBQ SIMPLE (un medallón de carne),"Un medallón de carne a elección: clásica, cheddar o BBQ. Con papas fritas naturales.",16900,/platos/hamburguesas.jpg,,si
Sandwiches,Sándwich de Milanesa,"Milanesa de ternera o pollo, lechuga, tomate, huevo y queso. El clásico irresistible.",21500,,,si
Sandwiches,Sándwich Clásico,"Lomo o pechuga de pollo a la plancha, lechuga, tomate, huevo, jamón y queso.",22500,,,si
Sandwiches,Sándwich Lomo en Tiras,"Lomo en tiras, vegetales asados y panceta ahumada. (Versión vegetariana sin carne ni panceta disponible).",22500,,,si
Sandwiches,Sándwich Jamón Crudo,"Jamón crudo, queso dambo, aceite de oliva, tomates asados y rúcula.",20500,,,si
Sandwiches,Sándwich Pechuga de Pollo,"Pechuga de pollo a la plancha, mix de verdes, palta fresca y queso dambo.",19800,,,si
Sandwiches,Wrap de Pollo,"Pechuga de pollo salteada, cebolla caramelizada, hojas verdes y tomates confitados, envueltos en tortilla casera.",20500,,,si
Sandwiches,Wrap de Ternera,"Ternera en cocción lenta, desmenuzada, acompañada con hojas verdes, pimientos rojos confitados al hierro, envueltos en tortilla casera.",20500,,,si
Sandwiches,Wrap de Vegetales,Vegetales salteados al hierro con quinua y hojas de espinaca.,20500,,Vegetariano,si
Bruschettas,Bruschetta de Jamón Crudo,"Jamón crudo, tomates confitados y rúcula fresca.",7900,,,si
Bruschettas,Bruschetta de Guacamole,"Palta, pimiento morrón, cebollita y jugo de limón.",6900,,,si
Bruschettas,Bruschetta Capresse,"Queso criollo, tomates asados y albahaca.",6500,,,si
Guarniciones,Papas Fritas con Cheddar y Bacon,,13200,,,si
Guarniciones,Papas Rústicas Gratinada,,12900,,,si
Guarniciones,Papas Fritas Bastón,,9900,,,si
Guarniciones,Papas a la Crema,,12900,,,si
Guarniciones,"Huevos a la sartén, poché o revueltos (2 unidades)",,7000,,,si
Guarniciones,Huevos revueltos con jamón y queso,,9000,,,si
Guarniciones,Ollita de Fondue de Queso,,14500,,,si
Guarniciones,Pinchos de Verdura (3 unidades),,9500,,,si
Guarniciones,Sartén de Queso Derretido,,9900,,,si
Guarniciones,Espinacas Salteadas,,8900,,,si
Guarniciones,Arroz Salteado con Vegetales,,8900,,,si
Guarniciones,Mix de Brócoli y Coliflor Salteados con quinua y almendras,,13900,,,si
Guarniciones,"Verduras Salteadas al hierro: pimiento morrón, cebolla, zanahoria, zuccini",,9900,,,si
Guarniciones,Tomates napolitanos: 4 mitades de tomate con muzzarella gratinada y orégano,,9500,,,si
Guarniciones,Salteadito de Quinoa y almendras fileteadas,,9900,,,si
Guarniciones,Ensalada Mixta,,9000,,,si
Guarniciones,"Puré de Papa, Calabaza o Mixto",,9500,,,si
Guarniciones,Extra de Queso Cheddar,,3700,,,si
Postres,Tabla de Postres,Cheesecake de frutos rojos · lemon pie en copa · brownie tibio de chocolate con nuez y helado · mousse de chocolate.,30500,/platos/tablas.jpg,Para compartir,si
Postres,Tabla de Mini Cakes,Cuatro minicakes a elección: Delicia de limón · Chocotorta · Nutella · Cheesecake de frutos rojos · Rogel · Delicia de chocolate · Brownie Tentación.,29500,/platos/tablas.jpg,Para compartir,si
Postres,Tabla de Helados,"Tres sabores a elección, frutas de estación o coulis de frutos rojos, cuadraditos de brownie y salsa de pistacho o dulce de leche.",19900,/platos/tablas.jpg,Para compartir,si
Postres,Tabla Final Feliz (formato degustación),"Cuatro delicados postres: crema de limón, mousse de frutilla, crema de naranja y mousse de chocolate.",15500,/platos/tablas.jpg,Degustación,si
Postres,Brownie tibio de Chocolate con Nueces y Helado,,10800,,,si
Postres,Banana Temptation,"Banana, crema chantilly, nueces, 2 bochas de helado, salsa de chocolate y Baileys.",9900,,,si
Postres,Ensalada de Fruta con Helado,Frutas de estación con 1 bocha de helado.,9500,,,si
Postres,Ensalada de Fruta Natural,,7200,,,si
Postres,Suspiro Limeño,Suave crema a base de leche condensada con un toque de cítrico y esponjoso merengue.,9100,,,si
Postres,Mousse de Chocolate,"Cremoso, suave y de intenso sabor a chocolate, simplemente irresistible.",9100,,,si
Postres,Lemon Pie en Copa,Suave crema de limón sobre base de crujientes galletas trituradas y esponjoso merengue.,8900,,,si
Postres,Flan Casero,,7100,,,si
Postres,Crema de Naranja/crema de limón/mousse de frutilla,,5500,,,si
Postres,Copa Helada Oreo,"2 sabores de helado, mini rocklets, galletitas Oreo, crema chantilly y chocolate fundido.",9900,,,si
Postres,Copa Helada Filipo,"2 sabores de helado, manzanas al rhum y crema chantilly.",9900,,,si
Postres,Copa Helada Crujiente,"2 sabores de helado, crocante de maní, chocolate fundido y toque de licor.",9900,,,si
Postres,Copa Helada 2 Bochas,,8000,,,si
Postres,Copa Helada 1 Bocha,Frutilla · chocolate · dulce de leche · americana · vainilla · limón · banana split · tramontana.,5900,,,si
Pasteleria y cosas ricas,Delicia de Limón,"Base de brownie de limón, suave crema de limón y un copo de merengue italiano.",8500,,,si
Pasteleria y cosas ricas,Nutella,"Base crocante de galletas de cacao, crema de Nutella y mousse de chocolate blanco.",9200,,,si
Pasteleria y cosas ricas,Rogel,"Finas capas de masa crocante, abundante dulce de leche, merengue italiano y nueces.",8500,,,si
Pasteleria y cosas ricas,Chocotorta,"Chocolinas, dulce de leche y queso crema en una combinación irresistible.",9200,,,si
Pasteleria y cosas ricas,Cheesecake de Frutos Rojos,"Base de galletas con manteca, suave cheesecake y generosa cobertura de frutos rojos.",9200,,,si
Pasteleria y cosas ricas,Delicia de Chocolate,"Tres capas de bizcochuelo de chocolate a la crema unidas por intensa ganache de chocolate, picos de mousse de chocolate blanco y chocolatín.",9200,,,si
Pasteleria y cosas ricas,Brownie Tentación,"Brownie de chocolate con nueces, coronado con abundante dulce de leche y merengue.",8500,,,si
Pasteleria y cosas ricas,Croissant con corazón de Nutella,Con nutella y crocante de maní. Irresistible.,10500,,,si
Pasteleria y cosas ricas,Croissant con Helado,"Con helado, salsa de chocolate y crocante de maní o mini rocklets.",10900,,,si
Pasteleria y cosas ricas,Croissant Clásico Casero,,5900,,,si
Pasteleria y cosas ricas,Croissant de Huevo y Panceta,"Queso crema, palta, huevo revuelto y panceta ahumada.",14500,,,si
Pasteleria y cosas ricas,Croissant de Jamón Crudo y Rúcula,"Tomates confitados, queso dambo, jamón crudo y aceite de oliva.",15500,,,si
Pasteleria y cosas ricas,Croissant de Jamón y Queso,"Jamón cocido, queso tybo y rodajas de tomate frescos.",14300,,,si
Pasteleria y cosas ricas,Waffle con Helado y Frutas de Estación,,9900,,,si
Pasteleria y cosas ricas,Waffle Salado,"Con jamón, queso y huevo revuelto.",9900,,,si
Pasteleria y cosas ricas,Waffle con Dulce de Leche,,6500,,,si
Pasteleria y cosas ricas,Avocado individual,Una tostada de pan de masa madre con palta pisada y un huevo pochado.,8000,,,si
Pasteleria y cosas ricas,Tostado de Jamón y Queso en Pan Árabe o Miga,,10500,,,si
Pasteleria y cosas ricas,Medialuna de Jamón y Queso,,5300,,,si
Pasteleria y cosas ricas,Roll de Canela / Croissant,,4500,,,si
Pasteleria y cosas ricas,Tostadas de Pan Blanco o Negro (2 unidades),,3200,,,si
Pasteleria y cosas ricas,Medialuna / Tortilla de grasa,,2900,,,si
Promos,Keto,"Infusión, omelette con pechuga de pollo, queso parmesano y manteca, coronado con tomate fresco, palta y lluvia de panceta crocante.",15500,,"Promo, Fitness",si
Promos,Fitness Proteico,"Infusión, tortilla de quinua y avena con mix de frutos secos y miel de abeja, huevos revueltos con jamón y queso, ensalada de fruta.",14500,,"Promo, Fitness",si
Promos,Saludable,"Infusión, jugo de cortesía, tres tostadas, palta con semillas, tomate rallado y huevos revueltos con jamón y queso.",13900,,"Promo, Fitness",si
Promos,Filipo Power,"Infusión, jugo de cortesía, yogurt griego, mix de cereales, frutas, huevos revueltos con jamón y queso, dos tostadas, queso crema y mermelada.",12900,,"Promo, Fitness",si
Promos,Avocado Toast,"Infusión, dos tostadas de pan de masa madre con palta y huevos pochados.",15400,,"Promo, Fitness",si
Promos,Tentación,Infusión y una minicake a elección.,10000,,"Promo, Premium",si
Promos,Completo,"Infusión, jugo de cortesía, huevos revueltos con jamón y queso, tres tostadas, queso crema, mermelada y variedad de frutas.",13200,,"Promo, Premium",si
Promos,Waffle Salado,"Infusión, jugo de cortesía, waffle salado con huevos revueltos con jamón y queso.",11900,,"Promo, Premium",si
Promos,Campestre,"Dos infusiones, dos jugos de cortesía, pan de campo de masa madre, queso criollo, tomate rallado, aceite de oliva, queso crema y mermelada.",19500,,"Promo, Premium",si
Promos,Croissant Manía,"Infusión, Croissant con palta, huevo y bacon crujiente, jugo de cortesía.",16900,,"Promo, Premium",si
Promos,Waffle con Helado,"Vaso de licuado de banana, waffle con dos bochas de helado y frutas de estación o coulis de frutos rojos.",15500,,"Promo, Premium",si
Promos,Limonada Plus,"Jarra de limonada, dos sanguchitos de jamón crudo, rúcula y tomate confitado y dos sanguchitos con queso criollo, tomate confitado y orégano.",17500,,"Promo, Premium",si
Promos,Salado,"Infusión, jugo de cortesía, dos pancitos chips, dos fetas de jamón y queso, dos tostadas, queso crema y mermelada.",9900,,"Promo, Simple",si
Promos,Goloso,"Infusión, jugo de cortesía y dos medialunas de jamón y queso.",10300,,"Promo, Simple",si
Promos,Waffle Dulce,"Infusión, jugo de cortesía y waffle con dulce de leche.",9900,,"Promo, Simple",si
Promos,Como en Casa,"Infusión, jugo de cortesía, tres tostadas de pan de masa madre, queso crema y mermelada.",7900,,"Promo, Simple",si
Promos,Clásico,"Infusión, jugo de cortesía y dos medialunas/tortillas o un roll de canela o un croissant.",8900,,"Promo, Simple",si
Promos,Mixto,Vaso de licuado de banana con leche y medio tostado de jamón y queso (pan de miga o árabe).,13500,,"Promo, Simple",si
Promos,Arabito,Un litro de licuado de banana con leche y ocho tostaditos de jamón y queso en pan árabe.,18900,,"Promo, Simple",si
Sin Gluten Agregado,Desayuno Avocado Toast (Sin gluten añadido),Dos tostadas con palta pisada y 2 huevos pochados.,17400,,Sin Gluten,si
Sin Gluten Agregado,Desayuno Saludable (Sin gluten añadido),Infusión + jugo de naranja exprimido + 3 tostadas + palta con semilla + tomate triturado + huevo revuelto.,16000,,Sin Gluten,si
Sin Gluten Agregado,Desayuno Completo (Sin gluten añadido),Infusión + jugo + variedad de frutas + huevo revuelto + 3 tostadas + queso crema + mermelada.,16000,,Sin Gluten,si
Sin Gluten Agregado,Desayuno Goloso (Sin gluten añadido),Infusión + jugo + 2 medialunas con jamón y queso.,16500,,Sin Gluten,si
Sin Gluten Agregado,Promo Licuado + 2 Medialunas (Sin gluten añadido),,13900,,Sin Gluten,si
Sin Gluten Agregado,Desayuno Clásico (Sin gluten añadido),Infusión + jugo + 2 medialunas de manteca.,13500,,Sin Gluten,si
Sin Gluten Agregado,Desayuno Como en Casa (Sin gluten añadido),Infusión + jugo + 3 tostadas de pan casero + queso blanco + mermelada.,11900,,Sin Gluten,si
Sin Gluten Agregado,Lomo al Strogonoff (Sin gluten añadido),Cubos de lomo salteadas en salsa cremosa de champiñones y hongos de pino acompañado con risotto.,26500,,Sin Gluten,si
Sin Gluten Agregado,Medallón de Lomo (Sin gluten añadido),"Medallón envuelto en panceta ahumada, sobre colchón de cebolla caramelizada al Malbec. Con guarnición a elección.",26500,,Sin Gluten,si
Sin Gluten Agregado,Pechuga de Pollo al Curry (Sin gluten añadido),"Tiras de pollo en salsa de curry de la India, con un toque de leche de coco. Con guarnición de arroz.",23900,,Sin Gluten,si
Sin Gluten Agregado,Ensalada Tibia de Pollo (Sin gluten añadido),"Mix de verdes, tiras de pollo a la plancha, tomate fresco, escamas de parmesano, semillas de sésamo y reducción de aceto balsámico.",19900,,Sin Gluten,si
Sin Gluten Agregado,Sándwich (Sin gluten Añadido),Clásico · lomo en tiras · pechuga de pollo · jamón crudo · vegetariano.,23900,,Sin Gluten,si
Sin Gluten Agregado,Hamburguesa (Sin gluten Añadido),Clásica · doble cheddar · BBQ.,21900,,Sin Gluten,si
Tragos,Aperol Spritz,"Aperol, Chandon 187, hielo y cáscara de naranja. El favorito de la vereda.",12900,/platos/cocteleria.jpg,Premium,si
Tragos,Gin Tonic con Bombay,"Gin Bombay, limón, agua tónica y hielo.",14500,/platos/cocteleria.jpg,Premium,si
Tragos,Mimosa,"Elegancia y frescura en cada copa, espumante Chandon 187, jugo de naranja y licor Triple Sec.",12900,/platos/cocteleria.jpg,Premium,si
Tragos,Red Varsovia,"Una mezcla vibrante de vodka, espumante Chandon 187, jugo de naranja y frutos rojos. Dulce, frutal y sofisticado.",12900,/platos/cocteleria.jpg,Premium,si
Tragos,Gin Tonic Beefeater,"Gin Beefeater, limón, agua tónica y hielo.",12000,/platos/cocteleria.jpg,Premium,si
Tragos,Mojito clásico/ Maracuyá/ Malibú,"El clásico cubano. Refrescante combinación de ron, lima, hierbabuena fresca y un toque de soda.",9900,/platos/cocteleria.jpg,,si
Tragos,Daiquiri,"Un clásico tropical preparado con ron, limón y la fruta de tu elección. Refrescante y lleno de sabor.",9900,/platos/cocteleria.jpg,,si
Tragos,Cuba Libre,"Ron, cola y un toque de limón que aporta frescura y el equilibrio perfecto en cada sorbo.",9900,/platos/cocteleria.jpg,,si
Tragos,Caipiriña clásica/ Maracuyá,"El sabor más auténtico de Brasil. Cachaça, limón fresco y azúcar en perfecta armonía.",9900,/platos/cocteleria.jpg,,si
Tragos,Caipiroska clásica/ Maracuyá,"Una versión más suave de la caipiriña, preparada con vodka, limón y azúcar.",9900,/platos/cocteleria.jpg,,si
Tragos,Campari Orange,El equilibrio ideal entre el amargor del Campari y la frescura del jugo de naranja natural.,9900,/platos/cocteleria.jpg,,si
Tragos,Cosmopolitan,"Vodka, licor de naranja, jugo de arándanos y un toque de lima.",9900,/platos/cocteleria.jpg,,si
Tragos,Frozen Margarita,"La versión más refrescante de un clásico. Tequila, triple sec y jugo de limón, licuados con hielo hasta lograr una textura suave y helada.",9900,/platos/cocteleria.jpg,,si
Tragos,Pisco Sour,"Pisco, jugo de limón, almíbar y clara de huevo, logrando una textura y un equilibrio perfecto entre dulzor y acidez.",9900,/platos/cocteleria.jpg,,si
Tragos,Gancia Batido,"Gancia, jugo de limón y un toque de azúcar, batidos con hielo, liviano y refrescante.",9900,/platos/cocteleria.jpg,,si
Tragos,Fernet Branca,"El trago más argentino de todos, amargo, refrescante, simplemente Fernet con Coca.",9900,/platos/cocteleria.jpg,,si
Tragos,Fernet Julep,"Propuesta diferente que combina Fernet Branca, coca cola, menta, pomelo y soda para un sabor fresco y equilibrado.",9900,/platos/cocteleria.jpg,,si
Tragos,Vodka + Speed,,9900,/platos/cocteleria.jpg,,si
Tragos,Lagrima de Cocodrilo,"Cóctel tropical con vodka, piña colada, licor de melón y limón. Dulce, fresco e irresistible.",9900,/platos/cocteleria.jpg,,si
Tragos,Gin Tonic,"El clásico de los clásicos. Gin, agua tónica y un toque de cítricos que realzan su frescura y equilibrio.",9900,/platos/cocteleria.jpg,,si
Tragos,Trago Filipo,"El cóctel que lleva nuestro nombre. Vodka, sake, sirope de jengibre, jugo de pomelo rosado y delicado toque de azúcar.",9900,/platos/cocteleria.jpg,De la Casa,si
Tragos,Promo Aperol Spritz,2 Aperol Spritz.,14000,/platos/cocteleria.jpg,Promo,si
Tragos,Promo Gin Tonic,2 Gin Tonic.,14000,/platos/cocteleria.jpg,Promo,si
Tragos,Tabla Terapia de Grupo 210 ml,"Un Mojito, una Caipiriña, una Lágrima de Cocodrilo, un Campari Orange.",25000,/platos/tablas.jpg,Para compartir,si
Tragos,Tabla Bla Bla Bla 210 ml,Cuatro daiquiris o cuatro caipiroskas a elección con la fruta de tu preferencia.,21900,/platos/tablas.jpg,Para compartir,si
Tragos con helado,Lemonchamp,Chandon 187 con helado de limón. Fresco y elegante.,12900,,,si
Tragos con helado,Frozen Baileys,Batido de licor Baileys con helado de dulce de leche y hielo.,12500,,,si
Tragos con helado,Oreo Delight,"Licor Baileys, vodka, galletita Oreo, leche y helado de vainilla.",11900,,,si
Tragos con helado,Screaming Orgasm,"Licor de Baileys, vodka, licor de café, helado de crema americana y hielo.",11900,,,si
Tragos con helado,Frozen Gancia,Batido de Gancia con helado de limón y hielo.,11500,,,si
Vinos Tintos,Las Perdices Malbec 750 cc — Bodega Las Perdices (Mendoza),,23000,,,si
Vinos Tintos,Finca Humanao Malbec 750 cc — Bodega Humanao (Salta),,23000,,,si
Vinos Tintos,Nanni Tannat 750 cc,,22000,,,si
Vinos Tintos,Amalaya Malbec 750 cc — Bodega Colomé (Salta),,22000,,,si
Vinos Tintos,Don David Malbec 750 cc — Bodega El Esteco (Salta),,22000,,,si
Vinos Tintos,Callia Alta Shiraz 750 cc,,20500,,,si
Vinos Tintos,Latitud 33 Malbec 750 cc — Bodega Chandon (Mendoza),,16500,,,si
Vinos Tintos,Cafayate Cabernet Sauvignon 750 cc — Bodega Etchart (Salta),,15500,,,si
Vinos Tintos,Elementos Malbec 750 cc — Bodega El Esteco (Salta),,15500,,,si
Vinos Tintos,Amalaya Malbec 375 cc — Bodega Colomé (Salta),,15000,,,si
Vinos Tintos,Benjamin Malbec 750 cc — Bodega Nieto Senetiner (Mendoza),,12500,,,si
Vinos Tintos,Finca Humanao Malbec 500 cc,,9100,,,si
Vinos Tintos,Elementos Malbec 375 cc — Bodega El Esteco (Salta),,8300,,,si
Vinos Tintos,Copa de Vino de la Casa,,5500,,,si
Vinos Blancos,Chandon Brut Nature 750 cc,,37000,,Espumante,si
Vinos Blancos,Chandon Rosé 750 cc,,29000,,Espumante,si
Vinos Blancos,Chandon Extra Brut 750 cc,,29000,,Espumante,si
Vinos Blancos,Chandon Delicé 750 cc,,29000,,Espumante,si
Vinos Blancos,Nieto Senetiner Extra Brut 750 cc,,27000,,Espumante,si
Vinos Blancos,Chandon Rosé 187 cc,,10500,,Espumante,si
Vinos Blancos,Chandon Extra Brut 187 cc,,10500,,Espumante,si
Vinos Blancos,"Nanni Tardío 750 cc — Bodega Nanni, Orgánico (Salta)",,22000,,Blanco,si
Vinos Blancos,Amalaya Torrontés 750 cc — Bodega Colomé (Salta),,22000,,Blanco,si
Vinos Blancos,Amalaya Dulce Natural 750 cc — Bodega Colomé (Salta),,19000,,Blanco,si
Vinos Blancos,Santa Julia Chenin 750 cc — Bodega Santa Julia (Mendoza),,17900,,Blanco,si
Vinos Blancos,Cafayate Cosecha Tardía 750 cc — Bodega Etchart (Salta),,15500,,Blanco,si
Vinos Blancos,New Age 750 cc — Bodega Bianchi (Mendoza),,14000,,Blanco,si
Vinos Blancos,Cafayate Torrontés 750 cc — Bodega Etchart (Salta),,11800,,Blanco,si
Vinos Blancos,Vino Sta. Julia Chenin Lata 355 cc,,9300,,Blanco,si
Vinos Blancos,Elementos Torrontés 375 cc — Bodega El Esteco (Salta),,8300,,Blanco,si
Bebidas Destiladas y Licores,Gin Bombay,,13900,,,si
Bebidas Destiladas y Licores,Gin Tanqueray,,13900,,,si
Bebidas Destiladas y Licores,Ron Havana 7 Años,,12900,,,si
Bebidas Destiladas y Licores,Vodka Absolut,,9900,,,si
Bebidas Destiladas y Licores,Vodka Smirnoff,,9900,,,si
Bebidas Destiladas y Licores,Ron Bacardi,,9900,,,si
Bebidas Destiladas y Licores,Gin Beefeater,,8500,,,si
Bebidas Destiladas y Licores,Baileys,,9500,/platos/cafeteria.jpg,,si
Bebidas Destiladas y Licores,Malibú,,8500,,,si
Bebidas Destiladas y Licores,Tía Maria Cream,,7800,,,si
Bebidas Destiladas y Licores,Tía Maria,,6900,,,si
Whiskys,Johnnie Walker Black,,16800,,,si
Whiskys,Jack Daniels,,14200,,,si
Whiskys,Ballantines,,12500,,,si
Whiskys,J&B,,12500,,,si
Whiskys,Johnnie Walker Red,,12500,,,si
Whiskys,Blenders,,8500,,,si
Whiskys,Old Smugglers,,8500,,,si
Cervezas,Heineken 970 cc,,12900,,Litro,si
Cervezas,Miller 970 cc,,11900,,Litro,si
Cervezas,Imperial Lager 970 cc,,11500,,Litro,si
Cervezas,Imperial IPA 970 cc,,11500,,Litro,si
Cervezas,Imperial Golden 970 cc,,11500,,Litro,si
Cervezas,Imperial Cream Stout 970 cc,,11500,,Litro,si
Cervezas,Imperial APA 970 cc,,11500,,Litro,si
Cervezas,Imperial Amber Lager 970 cc,,11500,,Litro,si
Cervezas,Salta Roja 970 cc,,10700,,Litro,si
Cervezas,Salta Negra 970 cc,,10700,,Litro,si
Cervezas,Heineken Lata 470 cc,,7900,,Lata,si
Cervezas,Imperial Lager Lata 470 cc,,7000,,Lata,si
Cervezas,Imperial IPA Lata 470 cc,,7000,,Lata,si
Cervezas,Imperial Golden 470 cc,,7000,,Lata,si
Cervezas,Imperial Cream Stout Lata 470 cc,,7000,,Lata,si
Cervezas,Imperial APA Lata 470 cc,,7000,,Lata,si
Cervezas,Imperial Amber Lager Lata 470 cc,,7000,,Lata,si
Cervezas,Salta Roja Lata 470 cc,,6500,,Lata,si
Cervezas,Salta Negra Lata 470 cc,,6500,,Lata,si
Promos,Promo 1,Papas fritas con cheddar y bacon crispy + 1 lt de cerveza Imperial o jarra de limonada 1 litro.,20500,,Promo,si
Promos,Promo 2,Tabla Sanguchitos con Onda + 1 lt de cerveza Imperial o jarra de limonada 1 litro.,39900,,Promo,si
Promos,Promo 3,Pechuguitas de pollo crujientes + fritas + 1 lt de cerveza Imperial o 1 litro de limonada.,26900,,Promo,si
Promos,Promo 4,Dos Hamburguesas BBQ medallón SIMPLE + 1 lt de cerveza Imperial o 1 litro de limonada.,39000,,Promo,si
Jugos y Licuados,Milkshake con Helado y Licor,"Batido de leche, hielo, helado y licor a elección.",9500,,,si
Jugos y Licuados,Milkshake con Helado y Café,"Batido de leche, hielo, helado y café.",8500,,,si
Jugos y Licuados,Licuado de Durazno y Naranja,,7800,,,si
Jugos y Licuados,Milkshake con Helado,"Batido de leche, hielo y helado a elección.",7900,,,si
Jugos y Licuados,Licuado Mixtos o frutas fuera de estación,,7200,,,si
Jugos y Licuados,Jugo de Naranja Natural,,6000,,,si
Jugos y Licuados,Licuado de Banana,,6000,,,si
Bebidas sin alcohol,Limonada Clásica — Jarra 1 lt,,10900,,,si
Bebidas sin alcohol,"Zanahoria, Maracuyá y Naranja — Jarra 1 lt",,12500,,,si
Bebidas sin alcohol,"Zanahoria, Jengibre y Naranja — Jarra 1 lt",,12500,,,si
Bebidas sin alcohol,Limonada de Maracuyá o Menta y jengibre o Frutos Rojos — Jarra 1 lt,,10500,,,si
Bebidas sin alcohol,"Zanahoria, Maracuyá y Naranja — Vaso ½ lt",,7500,,,si
Bebidas sin alcohol,"Zanahoria, Jengibre y Naranja — Vaso ½ lt",,7300,,,si
Bebidas sin alcohol,Limonada de Maracuyá o Menta y jengibre o Frutos Rojos — Vaso ½ lt,,7500,,,si
Bebidas sin alcohol,Limonada Clásica — Vaso ½ lt,,4900,,,si
Bebidas sin alcohol,"Coca Cola/Coca Zero/Sprite/ Sprite Zero 1,5 lt",,11900,,,si
Bebidas sin alcohol,Coca Cola/Coca Zero/Sprite 1 lt,,9900,,,si
Bebidas sin alcohol,Schweppes Tónica,,4900,,,si
Bebidas sin alcohol,Coca Cola 350 cc,,4700,,,si
Bebidas sin alcohol,Coca Zero 350 cc,,4700,,,si
Bebidas sin alcohol,Sprite 350 cc,,4700,,,si
Bebidas sin alcohol,Fanta 350 cc,,4700,,,si
Bebidas sin alcohol,Agua sin Gas 500 cc,,4700,,,si
Bebidas sin alcohol,Agua con Gas 500 cc,,4700,,,si
Bebidas sin alcohol,Aquarius 500 cc,,4700,,,si
Menu Ejecutivo,Bife de Ternera/pollo/bondiola con guarnición,Acompañado con guarnición a elección.,19900,/platos/menu-ejecutivo.jpg,Menú Completo,si
Menu Ejecutivo,Wrap de Pollo Menú,"Pechuga de pollo salteada, cebolla caramelizada, hojas verdes y tomates confitados, envueltos en tortilla casera, acompañado con papas.",20900,/platos/menu-ejecutivo.jpg,Menú Completo,si
Menu Ejecutivo,Moussaka Griega Tradicional,"Láminas de berenjenas asadas, ragú de carne con salsa bechamel artesanal y gratinada al horno.",20900,/platos/menu-ejecutivo.jpg,Menú Completo,si
Menu Ejecutivo,Pechuguitas de Pollo Crujientes con salsa barbacoa y papas fritas,,19900,/platos/menu-ejecutivo.jpg,Menú Completo,si
Menu Ejecutivo,Lomo Strogonoff Menú,Cubos de lomo salteadas en salsa cremosa de champiñones y hongos de pino acompañado con risotto.,24900,/platos/menu-ejecutivo.jpg,Menú Completo,si
Menu Ejecutivo,Ensalada Tibia de Pollo Menú,"Mix de verdes, tiras de pollo, tomate fresco, parmesano, semillas de sésamo y reducción de aceto balsámico.",20900,/platos/menu-ejecutivo.jpg,Menú Completo,si
Menu Ejecutivo,Fetuccini al Huevo,"Con salsa boloñesa, salsa de espinacas o filetto.",20900,/platos/menu-ejecutivo.jpg,Menú Completo,si
Menu Ejecutivo,Wrap de Vegetales Menú,"Vegetales salteados al hierro con quinua y hojas de espinaca, acompañado con papas.",20900,/platos/menu-ejecutivo.jpg,"Menú Completo, Vegetariano",si
Menu Ejecutivo,Wrap de Ternera Menú,"Ternera en cocción lenta, desmenuzada, acompañada con hojas verdes, pimientos rojos confitados al hierro, envueltos en tortilla casera.",20900,/platos/menu-ejecutivo.jpg,Menú Completo,si
Menu Ejecutivo,Pollo al Curry Menú,"En salsa de curry, con un toque de leche de coco, con arroz.",22900,/platos/menu-ejecutivo.jpg,Menú Completo,si
Menu Ejecutivo,Milanesa de Ternera o pollo con guarnición,,20900,/platos/menu-ejecutivo.jpg,Menú Completo,si
Menu Ejecutivo,Hamburguesa Clásica o BBQ medallón SIMPLE,,20900,/platos/menu-ejecutivo.jpg,Menú Completo,si
Menu Ejecutivo,Ensalada César Menú,"Mix de verdes, tiras de pollo, croutons, parmesano y salsa César.",20900,/platos/menu-ejecutivo.jpg,Menú Completo,si
Menu Ejecutivo,Menú Kids (la porción es mas pequeña),Pechuguitas de pollo crujiente · Bifecito de pollo o ternera con puré · Dos pizzetitas a elección · Fetuccini al huevo · Hamburguesa simple con cheddar y papas fritas.,17200,/platos/menu-ejecutivo.jpg,"Menú Completo, Kids",si
Menu Ejecutivo,Guarniciones Menú Ejecutivo,Arroz · puré mixto · puré de papa · puré de calabaza · papas fritas · ensalada mixta.,0,/platos/menu-ejecutivo.jpg,,si
Menu Ejecutivo,Opciones de Postre Menú Ejecutivo,Crema de naranja · Crema de limón · Ensalada de Frutas · Bocha de Helado · Flan casero · Mousse de frutilla · Café.,0,/platos/menu-ejecutivo.jpg,,si
Cafeteria,Café Filipo,"Café, licor Tía María Cream, licor de chocolate, crema y chocolate rayado.",8900,/platos/cafeteria.jpg,,si
Cafeteria,Café Surprise,"Café, crema, licor Tía María Cream, licor de dulce de leche y chocolate rayado.",8900,/platos/cafeteria.jpg,,si
Cafeteria,Café Irlandés,"Café, whisky, crema, chocolate rayado y canela.",8900,/platos/cafeteria.jpg,,si
Cafeteria,Café con Baileys,,8900,/platos/cafeteria.jpg,,si
Cafeteria,Affogato,Pocillo de café con helado.,8900,/platos/cafeteria.jpg,,si
Cafeteria,Frozen Baileys Coffee,"Batido de hielo triturado, Baileys, helado y café.",12500,/platos/cafeteria.jpg,,si
Cafeteria,Sweetest Ice Coffee,"Hielo triturado, café, leche helada y helado de dulce de leche.",10900,/platos/cafeteria.jpg,,si
Cafeteria,Vanilla Ice Coffee,"Hielo triturado, café, leche helada y vainilla.",10900,/platos/cafeteria.jpg,,si
Cafeteria,Café o cortado en Pocillo,,4500,/platos/cafeteria.jpg,,si
Cafeteria,Café en pocillo o Jarrito con Leche Condensada,,5300,/platos/cafeteria.jpg,,si
Cafeteria,Café en Jarrito/ café doble/ café con leche,,4900,/platos/cafeteria.jpg,,si
Cafeteria,Té / Té Saborizado,,4900,/platos/cafeteria.jpg,,si
Cafeteria,Capuchino,,5900,/platos/cafeteria.jpg,,si
Cafeteria,Submarino,,5900,/platos/cafeteria.jpg,,si
Cafeteria,Leche con Chocolate,,5000,/platos/cafeteria.jpg,,si
Cafeteria,Café en Jarrito,,4900,/platos/cafeteria.jpg,,si
Cafeteria,Café en Pocillo con Crema,,4900,/platos/cafeteria.jpg,,si
